{
    "width": 640,
    "height": 480,
    "intrinsic_matrix": [
        611.3681030273438,
        0,
        0,
        0,
        610.5881958007812,
        0,
        321.2395935058594,
        235.6678466796875,
        1
    ]
}