{
    "width": 640,
    "height": 480,
    "intrinsic_matrix": [
        607.8408203125,
        0,
        0,
        0,
        608.01318359375,
        0,
        317.6319274902344,
        246.96298217773438,
        1
    ]
}