{
    "width": 640,
    "height": 480,
    "intrinsic_matrix": [
        607.04296875,
        0,
        0,
        0,
        606.8705444335938,
        0,
        314.95703125,
        227.926513671875,
        1
    ]
}