{
    "width": 640,
    "height": 480,
    "intrinsic_matrix": [
        606.7467651367188,
        0,
        0,
        0,
        606.572509765625,
        0,
        314.22259521484375,
        238.92616271972656,
        1
    ]
}