{
    "width": 640,
    "height": 480,
    "intrinsic_matrix": [
        606.981689453125,
        0,
        0,
        0,
        605.423095703125,
        0,
        320.9193115234375,
        249.99148559570312,
        1
    ]
}